EmpID,MarriedID,MaritalStatusID,GenderID,EmpStatusID,DeptID,PerfScoreID,FromDiversityJobFairID,Salary,Termd,PositionID,Position,State,Zip,Sex,MaritalDesc,CitizenDesc,HispanicLatino,RaceDesc,DateofHire,DateofTermination,TermReason,EmploymentStatus,Department,RecruitmentSource,PerformanceScore,EngagementSurvey,EmpSatisfaction,SpecialProjectsCount,LastPerformanceReview_Date,DaysLateLast30,Absences,AgeGroup
EMP-11CC3A85,0,0,1,1,5,4,0,62506,0,19,Production Technician I,MA,19***,M ,Single,US Citizen,No,White,7/5/2011,,N/A-StillEmployed,Active,Production       ,LinkedIn,Exceeds,4.6,5,0,1/17/2019,0,1,40-49
EMP-C6ACFDA5,1,1,1,5,3,3,0,104437,1,27,Sr. DBA,MA,21***,M ,Married,US Citizen,No,White,3/30/2015,6/16/2016,career change,Voluntarily Terminated,IT/IS,Indeed,Fully Meets,4.96,3,6,2/24/2016,0,17,
EMP-FD468DC5,1,1,0,5,5,3,0,64955,1,20,Production Technician II,MA,18***,F,Married,US Citizen,No,White,7/5/2011,9/24/2012,hours,Voluntarily Terminated,Production       ,LinkedIn,Fully Meets,3.02,3,0,5/15/2012,0,3,30-39
EMP-7BE41CB3,1,1,0,1,5,3,0,64991,0,19,Production Technician I,MA,18***,F,Married,US Citizen,No,White,1/7/2008,,N/A-StillEmployed,Active,Production       ,Indeed,Fully Meets,4.84,5,0,1/3/2019,0,15,30-39
EMP-05F336AD,0,2,0,5,5,3,0,50825,1,19,Production Technician I,MA,21***,F,Divorced,US Citizen,No,White,7/11/2011,9/6/2016,return to school,Voluntarily Terminated,Production       ,Google Search,Fully Meets,5.0,4,0,2/1/2016,0,2,30-39
EMP-56ACD2F8,0,0,0,1,5,4,0,57568,0,19,Production Technician I,MA,18***,F,Single,US Citizen,No,White,1/9/2012,,N/A-StillEmployed,Active,Production       ,LinkedIn,Exceeds,5.0,5,0,1/7/2019,0,15,40-49
EMP-44D830D5,0,0,0,1,4,3,0,95660,0,24,Software Engineer,MA,21***,F,Single,US Citizen,No,White,11/10/2014,,N/A-StillEmployed,Active,Software Engineering,LinkedIn,Fully Meets,3.04,3,4,1/2/2019,0,19,40-49
EMP-A19668E8,0,4,1,1,5,3,0,59365,0,19,Production Technician I,MA,21***,M ,Widowed,US Citizen,No,White,9/30/2013,,N/A-StillEmployed,Active,Production       ,Employee Referral,Fully Meets,5.0,4,0,2/25/2019,0,19,40-49
EMP-D211334F,0,0,0,3,5,3,1,47837,0,19,Production Technician I,MA,19***,F,Single,US Citizen,No,Black or African American,7/6/2009,,N/A-StillEmployed,Active,Production       ,Diversity Job Fair,Fully Meets,4.46,3,0,1/25/2019,0,4,
EMP-CCA60C81,0,2,1,1,3,3,0,50178,0,14,IT Support,MA,18***,M ,Divorced,US Citizen,No,White,1/5/2015,,N/A-StillEmployed,Active,IT/IS,Indeed,Fully Meets,5.0,5,6,2/18/2019,0,16,30-39
EMP-B6DDAF95,1,1,0,5,5,3,1,54670,1,19,Production Technician I,MA,19***,F,Married,US Citizen,Yes,Black or African American,1/10/2011,1/12/2017,Another position,Voluntarily Terminated,Production       ,Diversity Job Fair,Fully Meets,4.2,4,0,1/30/2016,0,12,
EMP-DD198918,1,1,1,5,5,3,1,47211,1,19,Production Technician I,MA,20***,M ,Married,US Citizen,Yes,Black or African American,4/2/2012,9/19/2016,unhappy,Voluntarily Terminated,Production       ,Diversity Job Fair,Fully Meets,4.2,3,0,5/6/2016,0,15,
EMP-3B5D379E,0,2,1,1,3,4,1,92328,0,9,Data Analyst,TX,78***,M ,Divorced,US Citizen,No,Black or African American,11/10/2014,,N/A-StillEmployed,Active,IT/IS,Diversity Job Fair,Exceeds,4.28,4,5,2/25/2019,0,9,30-39
EMP-72353F3E,0,0,1,1,5,3,0,58709,0,19,Production Technician I,MA,18***,M ,Single,US Citizen,No,Two or more races,2/20/2012,,N/A-StillEmployed,Active,Production       ,Google Search,Fully Meets,4.6,4,0,2/14/2019,0,7,40-49
EMP-F66B7BF2,0,2,1,5,5,3,0,52505,1,19,Production Technician I,MA,27***,M ,Divorced,US Citizen,No,White,9/24/2012,4/6/2017,Another position,Voluntarily Terminated,Production       ,On-line Web application,Fully Meets,5.0,5,0,3/2/2017,0,1,40-49
EMP-D2A68373,0,0,1,4,5,3,0,57834,1,19,Production Technician I,MA,20***,M ,Single,US Citizen,No,White,2/21/2011,8/4/2017,attendance,Terminated for Cause,Production       ,Google Search,Fully Meets,5.0,4,0,4/5/2017,0,20,40-49
EMP-717795FA,1,1,0,2,5,4,0,70131,0,20,Production Technician II,MA,21***,F,Married,US Citizen,No,White,7/21/2016,,N/A-StillEmployed,Active,Production       ,Employee Referral,Exceeds,4.4,3,0,1/14/2019,0,16,
EMP-FFC014D0,0,0,0,1,5,3,0,59026,0,19,Production Technician I,MA,19***,F,Single,Eligible NonCitizen,No,White,4/4/2011,,N/A-StillEmployed,Active,Production       ,Google Search,Fully Meets,5.0,5,0,1/14/2019,0,12,
EMP-AC69DEE7,0,0,0,4,3,3,0,110000,1,8,Database Administrator,MA,20***,F,Single,US Citizen,Yes,White,7/7/2014,9/12/2015,performance,Terminated for Cause,IT/IS,Google Search,Fully Meets,4.5,4,5,1/15/2015,0,8,40-49
EMP-D6DD88C3,0,0,1,3,5,3,0,53250,0,19,Production Technician I,MA,24***,M ,Single,US Citizen,No,Asian,7/8/2013,,N/A-StillEmployed,Active,Production       ,LinkedIn,Fully Meets,4.2,4,0,1/11/2019,0,13,40-49
EMP-824A6D3E,0,0,1,1,5,3,0,51044,0,19,Production Technician I,MA,20***,M ,Single,US Citizen,Yes,White,4/2/2012,,N/A-StillEmployed,Active,Production       ,Google Search,Fully Meets,5.0,3,0,1/14/2019,0,13,
EMP-13E70343,0,2,0,1,5,3,0,64919,0,19,Production Technician I,MA,20***,F,Divorced,US Citizen,No,Asian,8/19/2013,,N/A-StillEmployed,Active,Production       ,Indeed,Fully Meets,4.2,3,0,1/10/2019,0,2,
EMP-E162E30A,1,1,0,1,5,4,0,62910,0,19,Production Technician I,MA,20***,F,Married,US Citizen,No,White,7/7/2014,,N/A-StillEmployed,Active,Production       ,Indeed,Exceeds,5.0,3,0,2/27/2019,0,19,30-39
EMP-A2B5B160,0,0,0,1,5,2,0,66441,0,20,Production Technician II,MA,21***,F,Single,US Citizen,No,White,4/4/2011,,N/A-StillEmployed,Active,Production       ,CareerBuilder,Needs Improvement,2.0,3,0,2/27/2019,2,3,30-39
EMP-7FE7E2E8,0,0,0,5,5,3,0,57815,1,20,Production Technician II,MA,22***,F,Single,US Citizen,No,White,1/10/2011,4/4/2014,career change,Voluntarily Terminated,Production       ,Google Search,Fully Meets,4.8,5,0,3/4/2014,0,5,
EMP-E058B40A,0,0,1,4,3,3,0,103613,1,30,Enterprise Architect,CT,60***,M ,Single,US Citizen,No,Black or African American,2/17/2014,2/19/2016,Learned that he is a gangster,Terminated for Cause,IT/IS,LinkedIn,Fully Meets,3.5,5,7,1/10/2016,0,2,
EMP-78D0A7B8,1,1,0,1,1,3,1,106367,0,26,Sr. Accountant,MA,24***,F,Married,US Citizen,No,Black or African American,2/16/2015,,N/A-StillEmployed,Active,Admin Offices,Diversity Job Fair,Fully Meets,5.0,4,3,2/18/2019,0,4,30-39
EMP-FFC3B91C,0,0,1,5,5,3,0,74312,1,18,Production Manager,MA,19***,M ,Single,US Citizen,No,Asian,9/30/2013,8/7/2014,retiring,Voluntarily Terminated,Production       ,Indeed,Fully Meets,3.39,3,0,2/20/2014,0,14,
EMP-E8C15683,1,1,0,5,5,3,0,53492,1,19,Production Technician I,MA,17***,F,Married,US Citizen,No,White,4/2/2012,6/15/2013,Another position,Voluntarily Terminated,Production       ,Google Search,Fully Meets,3.35,4,0,3/4/2013,0,6,30-39
EMP-79BFCA31,1,1,0,1,1,3,1,63000,0,1,Accountant I,MA,14***,F,Married,US Citizen,No,Black or African American,10/27/2008,,N/A-StillEmployed,Active,Admin Offices,Diversity Job Fair,Fully Meets,4.5,2,6,1/15/2019,0,14,30-39
EMP-2FAD7AC7,0,0,1,1,5,3,0,65288,0,20,Production Technician II,MA,10***,M ,Single,US Citizen,No,White,9/29/2014,,N/A-StillEmployed,Active,Production       ,Google Search,Fully Meets,3.19,3,0,2/1/2019,0,9,40-49
EMP-91D29CB4,0,3,0,3,5,3,1,64375,0,19,Production Technician I,MA,20***,F,Separated,US Citizen,No,Black or African American,11/11/2013,,N/A-StillEmployed,Active,Production       ,Diversity Job Fair,Fully Meets,3.5,5,0,1/21/2019,0,17,
EMP-67808345,1,1,0,5,6,3,0,74326,1,3,Area Sales Manager,VA,21***,F,Married,Eligible NonCitizen,No,Black or African American,8/15/2011,8/2/2014,Another position,Voluntarily Terminated,Sales,Google Search,Fully Meets,3.14,5,0,2/10/2013,1,19,
EMP-218F10D8,0,0,0,1,5,3,0,63763,0,20,Production Technician II,MA,21***,F,Single,US Citizen,No,Black or African American,3/5/2012,,N/A-StillEmployed,Active,Production       ,Employee Referral,Fully Meets,4.51,4,0,2/21/2019,0,3,40-49
EMP-45FC0591,1,1,1,1,5,3,0,62162,0,20,Production Technician II,MA,18***,M ,Married,US Citizen,No,White,4/4/2011,,N/A-StillEmployed,Active,Production       ,Indeed,Fully Meets,3.25,5,0,1/14/2019,0,15,40-49
EMP-D8FA9BCC,0,0,1,1,4,3,0,77692,0,25,Software Engineering Manager,MA,21***,M ,Single,US Citizen,No,White,8/15/2011,,N/A-StillEmployed,Active,Software Engineering,Google Search,Fully Meets,3.84,3,5,1/21/2019,0,4,
EMP-E4431691,0,0,1,1,5,4,0,72640,0,18,Production Manager,MA,21***,M ,Single,US Citizen,No,White,1/28/2016,,N/A-StillEmployed,Active,Production       ,Indeed,Exceeds,5.0,3,0,2/22/2019,0,14,40-49
EMP-F8072AC0,0,0,0,1,4,3,0,93396,0,24,Software Engineer,MA,21***,F,Single,US Citizen,No,White,11/11/2013,,N/A-StillEmployed,Active,Software Engineering,Indeed,Fully Meets,4.96,4,6,1/30/2019,0,3,30-39
EMP-AC7BB74D,0,0,1,1,5,3,0,52846,0,19,Production Technician I,MA,17***,M ,Single,US Citizen,No,Black or African American,3/31/2014,,N/A-StillEmployed,Active,Production       ,LinkedIn,Fully Meets,4.43,3,0,2/1/2019,0,14,40-49
EMP-C0F7B70A,0,0,0,2,3,3,0,100031,0,27,Sr. DBA,MA,18***,F,Single,US Citizen,No,Black or African American,6/30/2016,,N/A-StillEmployed,Active,IT/IS,LinkedIn,Fully Meets,5.0,5,6,2/18/2019,0,7,40-49
EMP-A1DFA083,0,0,0,1,6,3,0,71860,0,3,Area Sales Manager,VT,56***,F,Single,US Citizen,No,White,8/18/2014,,N/A-StillEmployed,Active,Sales,Indeed,Fully Meets,5.0,5,0,1/21/2019,0,7,
EMP-F85CCE4C,0,0,0,1,5,3,0,61656,0,19,Production Technician I,MA,27***,F,Single,US Citizen,No,White,9/29/2014,,N/A-StillEmployed,Active,Production       ,Google Search,Fully Meets,5.0,4,0,2/12/2019,0,11,
EMP-EEC4BED1,1,1,1,1,3,3,0,110929,0,5,BI Director,MA,20***,M ,Married,US Citizen,No,White,9/6/2016,,N/A-StillEmployed,Active,IT/IS,Indeed,Fully Meets,4.5,5,7,1/15/2019,0,8,
EMP-15AD62B0,0,0,0,1,5,3,0,54237,0,19,Production Technician I,MA,21***,F,Single,US Citizen,No,White,5/12/2014,,N/A-StillEmployed,Active,Production       ,Indeed,Fully Meets,3.3,4,0,2/19/2019,0,11,40-49
EMP-530E302C,0,0,1,1,5,3,0,60380,0,19,Production Technician I,MA,18***,M ,Single,US Citizen,No,White,7/8/2013,,N/A-StillEmployed,Active,Production       ,LinkedIn,Fully Meets,3.8,5,0,1/14/2019,0,4,40-49
EMP-B5B3FA3F,0,0,1,1,6,3,0,66808,0,3,Area Sales Manager,TX,78***,M ,Single,Eligible NonCitizen,No,Black or African American,5/14/2012,,N/A-StillEmployed,Active,Sales,Employee Referral,Fully Meets,3.0,5,0,1/19/2019,0,17,
EMP-205E7B78,0,0,0,5,5,3,0,64786,1,19,Production Technician I,MA,17***,F,Single,US Citizen,No,White,6/27/2011,11/15/2015,relocation out of area,Voluntarily Terminated,Production       ,Indeed,Fully Meets,4.3,4,0,3/10/2015,0,3,40-49
EMP-27804D52,0,0,0,1,5,3,0,64816,0,19,Production Technician I,MA,20***,F,Single,Non-Citizen,No,Black or African American,10/3/2011,,N/A-StillEmployed,Active,Production       ,Indeed,Fully Meets,3.58,5,0,1/30/2019,0,3,30-39
EMP-63163B57,0,0,1,1,3,3,0,68678,0,14,IT Support,MA,21***,M ,Single,US Citizen,No,White,9/5/2012,,N/A-StillEmployed,Active,IT/IS,Indeed,Fully Meets,4.7,3,6,2/27/2019,0,2,40-49
EMP-6B454452,1,1,0,5,5,3,0,64066,1,20,Production Technician II,MA,17***,F,Married,US Citizen,No,White,5/16/2011,1/7/2013,unhappy,Voluntarily Terminated,Production       ,Google Search,Fully Meets,4.2,5,0,5/3/2012,0,9,40-49
EMP-3D48C535,1,1,1,5,5,3,0,59369,1,20,Production Technician II,MA,21***,M ,Married,US Citizen,No,White,8/30/2010,9/26/2011,career change,Voluntarily Terminated,Production       ,Indeed,Fully Meets,4.2,4,0,5/4/2011,0,6,40-49
EMP-4B8743B8,1,1,1,2,5,4,0,50373,0,19,Production Technician I,MA,21***,M ,Married,US Citizen,No,White,7/6/2016,,N/A-StillEmployed,Active,Production       ,Employee Referral,Exceeds,4.1,4,0,2/28/2019,0,5,40-49
EMP-155D0497,0,0,1,1,5,3,0,63108,0,19,Production Technician I,MA,24***,M ,Single,US Citizen,No,White,7/8/2013,,N/A-StillEmployed,Active,Production       ,Employee Referral,Fully Meets,4.4,5,0,1/14/2019,0,3,40-49
EMP-EB72D6EF,0,0,1,4,5,2,0,59144,1,19,Production Technician I,MA,18***,M ,Single,US Citizen,No,Black or African American,7/11/2011,9/23/2016,performance,Terminated for Cause,Production       ,LinkedIn,Needs Improvement,2.0,3,0,5/1/2016,5,16,40-49
EMP-9ABB2626,0,2,1,1,5,2,0,68051,0,18,Production Manager,MA,18***,M ,Divorced,US Citizen,No,White,7/20/2010,,N/A-StillEmployed,Active,Production       ,CareerBuilder,Needs Improvement,4.13,2,0,1/14/2019,3,3,
EMP-4FF717D5,0,0,1,1,5,4,0,170500,0,10,Director of Operations,MA,20***,M ,Single,US Citizen,No,Black or African American,1/5/2009,,N/A-StillEmployed,Active,Production       ,Indeed,Exceeds,3.7,5,0,2/4/2019,0,15,40-49
EMP-F7E11A1E,1,1,0,1,5,3,0,63381,0,19,Production Technician I,MA,21***,F,Married,US Citizen,Yes,White,1/5/2015,,N/A-StillEmployed,Active,Production       ,Indeed,Fully Meets,4.73,5,0,2/14/2019,0,6,40-49
EMP-BC7773EF,1,1,1,1,3,3,0,83552,0,9,Data Analyst,MA,18***,M ,Married,US Citizen,No,White,3/30/2015,,N/A-StillEmployed,Active,IT/IS,Indeed,Fully Meets,3.04,3,6,1/22/2019,0,2,40-49
EMP-1F421E7C,0,0,0,2,5,3,0,56149,0,19,Production Technician I,MA,18***,F,Single,US Citizen,No,White,7/6/2016,,N/A-StillEmployed,Active,Production       ,LinkedIn,Fully Meets,4.12,5,0,1/28/2019,0,15,30-39
EMP-4ECDB4DE,0,0,1,1,3,3,0,92329,0,28,Sr. Network Engineer,CT,62***,M ,Single,US Citizen,No,White,11/10/2014,,N/A-StillEmployed,Active,IT/IS,Employee Referral,Fully Meets,5.0,3,4,1/2/2019,0,5,
EMP-A7523876,0,0,0,1,6,3,0,65729,0,21,Sales Manager,VT,54***,F,Single,US Citizen,No,White,5/5/2014,,N/A-StillEmployed,Active,Sales,Indeed,Fully Meets,4.62,4,0,1/24/2019,0,8,30-39
EMP-8FC47FB8,1,1,0,3,3,3,0,85028,0,28,Sr. Network Engineer,CT,60***,F,Married,US Citizen,No,White,11/10/2014,,N/A-StillEmployed,Active,IT/IS,LinkedIn,Fully Meets,3.1,5,8,2/12/2019,0,19,
EMP-9D06E5D3,1,1,0,1,5,3,0,57583,0,19,Production Technician I,MA,21***,F,Married,US Citizen,No,White,7/2/2012,,N/A-StillEmployed,Active,Production       ,Indeed,Fully Meets,5.0,3,0,2/25/2019,0,1,40-49
EMP-B2EAA05B,0,0,1,1,5,3,0,56294,0,20,Production Technician II,MA,24***,M ,Single,Eligible NonCitizen,No,Two or more races,11/7/2011,,N/A-StillEmployed,Active,Production       ,LinkedIn,Fully Meets,3.96,4,0,2/27/2019,0,6,40-49
EMP-75EBB412,1,1,1,1,6,1,0,56991,0,19,Production Technician I,MA,21***,M ,Married,US Citizen,No,White,7/9/2018,,N/A-StillEmployed,Active,Production       ,Indeed,Fully Meets,4.3,4,3,1/31/2019,2,2,30-39
EMP-4B188EAE,1,1,1,5,5,3,0,55722,1,19,Production Technician I,MA,18***,M ,Married,US Citizen,No,White,5/16/2011,6/8/2016,unhappy,Voluntarily Terminated,Production       ,Indeed,Fully Meets,5.0,4,0,4/2/2016,0,14,40-49
EMP-E030BED7,0,0,0,1,4,3,0,101199,0,24,Software Engineer,MA,21***,F,Single,US Citizen,No,Black or African American,1/9/2012,,N/A-StillEmployed,Active,Software Engineering,CareerBuilder,Fully Meets,3.79,5,5,1/25/2019,0,8,40-49
EMP-0680E388,0,0,1,1,6,1,0,61568,0,3,Area Sales Manager,AL,36***,M ,Single,US Citizen,No,Two or more races,9/29/2014,,N/A-StillEmployed,Active,Sales,Indeed,PIP,1.93,3,0,1/30/2019,6,5,
EMP-AF2AEF70,0,3,0,5,5,3,0,58275,1,20,Production Technician II,MA,23***,F,Separated,US Citizen,No,Black or African American,4/4/2011,11/4/2015,more money,Voluntarily Terminated,Production       ,Google Search,Fully Meets,4.62,5,0,5/6/2015,0,1,
EMP-AE3FD9FA,1,1,1,1,5,1,0,53189,0,19,Production Technician I,MA,20***,M ,Married,US Citizen,No,White,7/7/2014,,N/A-StillEmployed,Active,Production       ,Indeed,PIP,1.12,2,0,1/31/2019,4,9,
EMP-C8493910,0,0,1,1,3,3,0,96820,0,4,BI Developer,MA,20***,M ,Single,US Citizen,No,White,2/15/2017,,N/A-StillEmployed,Active,IT/IS,Indeed,Fully Meets,3.01,5,7,1/23/2019,0,15,40-49
EMP-061A2506,0,0,1,1,5,3,0,51259,0,19,Production Technician I,MA,21***,M ,Single,US Citizen,No,White,5/12/2014,,N/A-StillEmployed,Active,Production       ,Indeed,Fully Meets,4.3,4,0,2/19/2019,0,1,40-49
EMP-4A381E6E,0,0,0,1,6,1,0,59231,0,3,Area Sales Manager,WA,98***,F,Single,US Citizen,Yes,White,2/20/2012,,N/A-StillEmployed,Active,Sales,Website,PIP,2.3,1,0,1/29/2019,2,17,30-39
EMP-83545A41,1,1,0,1,5,2,0,61584,0,19,Production Technician I,MA,23***,F,Married,US Citizen,No,Black or African American,1/7/2013,,N/A-StillEmployed,Active,Production       ,Indeed,Needs Improvement,3.88,4,0,1/18/2019,0,6,40-49
EMP-364945EC,0,0,0,1,5,3,0,46335,0,19,Production Technician I,MA,21***,F,Single,US Citizen,Yes,White,4/2/2012,,N/A-StillEmployed,Active,Production       ,CareerBuilder,Fully Meets,3.4,5,0,2/19/2019,0,15,40-49
EMP-7D686424,1,1,0,1,3,3,0,70621,0,14,IT Support,MA,21***,F,Married,US Citizen,No,White,1/5/2015,,N/A-StillEmployed,Active,IT/IS,Employee Referral,Fully Meets,4.11,4,6,2/25/2019,0,16,30-39
EMP-3E7DB077,0,0,1,1,3,4,0,138888,0,13,IT Manager - Support,MA,18***,M ,Single,US Citizen,No,Black or African American,1/5/2014,,N/A-StillEmployed,Active,IT/IS,Indeed,Exceeds,4.3,5,5,1/4/2019,0,4,
EMP-A6C9B0F8,0,0,0,1,6,4,0,74241,0,3,Area Sales Manager,CA,90***,F,Single,US Citizen,No,White,1/10/2011,,N/A-StillEmployed,Active,Sales,Indeed,Exceeds,4.77,5,0,1/27/2019,0,14,30-39
EMP-D62AADF3,0,0,0,1,5,3,0,75188,0,18,Production Manager,MA,17***,F,Single,US Citizen,No,White,9/18/2014,,N/A-StillEmployed,Active,Production       ,Google Search,Fully Meets,4.52,4,0,1/15/2019,0,4,
EMP-1F0D41C1,1,1,0,1,5,3,0,62514,0,19,Production Technician I,MA,17***,F,Married,US Citizen,No,White,4/26/2010,,N/A-StillEmployed,Active,Production       ,Google Search,Fully Meets,2.9,3,0,1/21/2019,0,6,
EMP-901D5DB6,1,1,0,5,5,3,0,60070,1,19,Production Technician I,MA,23***,F,Married,US Citizen,No,White,4/4/2011,6/6/2017,military,Voluntarily Terminated,Production       ,Google Search,Fully Meets,5.0,3,0,4/9/2017,0,7,30-39
EMP-792CEDB3,0,0,1,1,5,3,0,48888,0,19,Production Technician I,MA,20***,M ,Single,US Citizen,No,White,11/10/2014,,N/A-StillEmployed,Active,Production       ,LinkedIn,Fully Meets,4.7,5,0,2/13/2019,0,8,
EMP-03A74AEF,1,1,1,1,5,3,0,54285,0,19,Production Technician I,MA,20***,M ,Married,US Citizen,No,White,3/31/2014,,N/A-StillEmployed,Active,Production       ,Employee Referral,Fully Meets,4.2,3,0,1/11/2019,0,3,40-49
EMP-9FEC633B,0,3,0,1,5,1,0,56847,0,20,Production Technician II,MA,21***,F,Separated,US Citizen,No,White,7/7/2014,,N/A-StillEmployed,Active,Production       ,Indeed,PIP,3.0,1,0,2/25/2019,2,5,30-39
EMP-9877E1AF,0,0,1,4,5,2,0,60340,1,19,Production Technician I,MA,21***,M ,Single,US Citizen,No,White,4/2/2012,9/27/2018,attendance,Terminated for Cause,Production       ,Google Search,Needs Improvement,5.0,4,0,4/12/2018,5,16,40-49
EMP-E9E88BE2,0,0,0,4,5,2,0,59124,1,19,Production Technician I,MA,24***,F,Single,US Citizen,No,White,2/17/2014,2/25/2018,"no-call, no-show",Terminated for Cause,Production       ,Google Search,Needs Improvement,2.3,3,0,1/15/2017,5,19,30-39
EMP-9BC7684B,1,1,0,4,4,2,0,99280,1,24,Software Engineer,MA,17***,F,Married,US Citizen,No,Black or African American,5/2/2011,6/5/2013,attendance,Terminated for Cause,Software Engineering,Indeed,Needs Improvement,2.1,5,4,8/10/2012,4,19,30-39
EMP-B4738A70,1,1,0,1,5,3,0,71776,0,20,Production Technician II,MA,18***,F,Married,US Citizen,No,Black or African American,7/7/2014,,N/A-StillEmployed,Active,Production       ,LinkedIn,Fully Meets,4.4,5,0,2/22/2019,0,17,40-49
EMP-5A206575,0,0,0,1,5,3,0,65902,0,20,Production Technician II,MA,23***,F,Single,US Citizen,No,Black or African American,2/17/2014,,N/A-StillEmployed,Active,Production       ,LinkedIn,Fully Meets,4.0,4,0,1/7/2019,0,7,30-39
EMP-6CF0499C,1,1,0,5,5,3,0,57748,1,19,Production Technician I,MA,21***,F,Married,US Citizen,No,White,11/7/2011,5/17/2016,military,Voluntarily Terminated,Production       ,Google Search,Fully Meets,3.13,3,0,2/4/2016,0,16,
EMP-9D35C7BA,1,1,1,1,5,1,0,64057,0,19,Production Technician I,MA,21***,M ,Married,US Citizen,No,White,5/11/2015,,N/A-StillEmployed,Active,Production       ,Indeed,PIP,1.56,5,0,1/3/2019,6,15,30-39
EMP-9ACE4EA6,0,0,1,1,3,1,0,53366,0,15,Network Engineer,MA,21***,M ,Single,US Citizen,No,White,3/30/2015,,N/A-StillEmployed,Active,IT/IS,LinkedIn,PIP,1.2,3,6,2/4/2019,3,2,30-39
EMP-290AEA93,1,1,0,1,5,3,0,58530,0,19,Production Technician I,MA,21***,F,Married,US Citizen,No,White,1/9/2012,,N/A-StillEmployed,Active,Production       ,Google Search,Fully Meets,5.0,5,0,1/29/2019,0,19,40-49
EMP-AA5C025D,0,0,1,5,5,3,0,72609,1,20,Production Technician II,MA,21***,M ,Single,US Citizen,Yes,White,5/16/2011,6/24/2013,hours,Voluntarily Terminated,Production       ,Google Search,Fully Meets,4.76,5,0,4/5/2013,0,20,40-49
EMP-DD097EC6,1,1,0,5,5,3,0,55965,1,20,Production Technician II,MA,21***,F,Married,US Citizen,No,White,4/4/2011,1/9/2013,career change,Voluntarily Terminated,Production       ,Google Search,Fully Meets,3.66,3,0,1/7/2012,0,6,40-49
EMP-61338F18,1,1,1,1,6,3,0,70187,1,3,Area Sales Manager,MA,23***,M ,Married,US Citizen,No,White,9/29/2014,8/19/2018,Fatal attraction,Terminated for Cause,Sales,Employee Referral,PIP,2.0,5,0,1/28/2019,4,7,
EMP-B85DFD48,0,0,1,1,3,4,0,178000,0,12,IT Director,MA,14***,M ,Single,US Citizen,No,Black or African American,4/15/2011,,N/A-StillEmployed,Active,IT/IS,Indeed,Exceeds,5.0,5,5,1/7/2019,0,15,40-49
EMP-2AB4E55C,1,1,0,1,1,3,0,99351,0,26,Sr. Accountant,MA,20***,F,Married,US Citizen,no,White,1/5/2009,,N/A-StillEmployed,Active,Admin Offices,Other,Fully Meets,5.0,3,2,2/8/2019,0,3,40-49
EMP-2B1B9551,0,0,1,1,6,3,0,67251,0,3,Area Sales Manager,CT,60***,M ,Single,US Citizen,No,Black or African American,9/6/2011,,N/A-StillEmployed,Active,Sales,CareerBuilder,Fully Meets,4.3,3,0,1/27/2019,2,7,
EMP-1B2F7D7E,0,0,0,1,3,3,0,65707,0,14,IT Support,CT,60***,F,Single,US Citizen,No,White,5/1/2010,,N/A-StillEmployed,Active,IT/IS,LinkedIn,Fully Meets,4.7,4,5,2/1/2019,0,1,
EMP-90EE7F52,0,0,1,1,5,3,0,52249,0,19,Production Technician I,MA,19***,M ,Single,US Citizen,Yes,White,3/30/2015,,N/A-StillEmployed,Active,Production       ,Employee Referral,Fully Meets,4.5,3,0,2/18/2019,0,5,40-49
EMP-99661211,0,0,0,1,5,3,0,53171,0,19,Production Technician I,MA,21***,F,Single,US Citizen,Yes,Black or African American,5/16/2011,,N/A-StillEmployed,Active,Production       ,LinkedIn,Fully Meets,4.2,4,0,2/26/2019,0,12,40-49
EMP-3618FA13,1,1,0,1,5,3,0,51337,0,19,Production Technician I,MA,21***,F,Married,US Citizen,No,Black or African American,3/30/2015,,N/A-StillEmployed,Active,Production       ,LinkedIn,Fully Meets,3.73,3,0,1/16/2019,0,19,30-39
EMP-77005411,0,2,0,5,5,3,1,51505,1,19,Production Technician I,MA,23***,F,Divorced,US Citizen,No,Black or African American,11/7/2011,11/15/2016,hours,Voluntarily Terminated,Production       ,Diversity Job Fair,Fully Meets,4.24,4,0,4/29/2016,0,2,
EMP-9C9E6E19,0,4,0,4,6,3,0,59370,1,3,Area Sales Manager,OH,43***,F,Widowed,US Citizen,No,Black or African American,7/7/2014,9/5/2015,attendance,Terminated for Cause,Sales,CareerBuilder,Fully Meets,3.97,4,0,1/15/2014,0,7,
EMP-D932F838,1,1,1,5,5,2,1,54933,1,19,Production Technician I,MA,20***,M ,Married,US Citizen,No,Black or African American,4/2/2012,6/25/2015,military,Voluntarily Terminated,Production       ,Diversity Job Fair,Needs Improvement,3.97,4,0,1/20/2015,3,15,
EMP-CAE0B8D2,0,0,0,1,5,4,0,57815,0,19,Production Technician I,MA,24***,F,Single,US Citizen,Yes,Two or more races,9/29/2014,,N/A-StillEmployed,Active,Production       ,Indeed,Exceeds,3.9,4,0,2/7/2019,0,3,40-49
EMP-226674FC,0,0,0,1,6,3,0,61555,0,3,Area Sales Manager,IN,46***,F,Single,US Citizen,No,White,2/16/2015,,N/A-StillEmployed,Active,Sales,Indeed,Fully Meets,4.5,5,0,1/25/2019,0,20,30-39
EMP-26793168,0,0,0,4,3,3,0,114800,1,8,Database Administrator,MA,21***,F,Single,US Citizen,No,White,2/16/2015,3/15/2015,"no-call, no-show",Terminated for Cause,IT/IS,Indeed,Fully Meets,4.6,4,4,1/20/2015,0,10,
EMP-7A35FD78,1,1,1,1,3,3,0,74679,0,14,IT Support,MA,21***,M ,Married,US Citizen,Yes,White,3/30/2015,,N/A-StillEmployed,Active,IT/IS,LinkedIn,Fully Meets,4.3,5,7,1/10/2019,0,20,30-39
EMP-9B5CE75F,0,0,0,1,5,3,0,53018,0,19,Production Technician I,MA,24***,F,Single,US Citizen,Yes,White,11/11/2013,,N/A-StillEmployed,Active,Production       ,Indeed,Fully Meets,4.3,5,0,2/18/2019,0,7,30-39
EMP-3279EDCF,0,2,1,1,5,4,1,59892,0,19,Production Technician I,MA,21***,M ,Divorced,US Citizen,No,Black or African American,7/11/2011,,N/A-StillEmployed,Active,Production       ,Diversity Job Fair,Exceeds,4.5,4,0,2/18/2019,0,1,
EMP-BA9B89B4,1,1,1,5,5,1,1,68898,1,20,Production Technician II,MA,21***,M ,Married,US Citizen,No,Black or African American,4/26/2010,5/30/2011,career change,Voluntarily Terminated,Production       ,Diversity Job Fair,PIP,3.0,3,0,3/6/2011,3,10,
EMP-1AC6D621,0,3,0,1,3,3,0,61242,0,14,IT Support,MA,24***,F,Separated,US Citizen,Yes,White,1/5/2015,,N/A-StillEmployed,Active,IT/IS,Employee Referral,Fully Meets,4.61,4,5,1/28/2019,0,11,40-49
EMP-E9D079D2,1,1,0,3,5,3,0,66825,0,20,Production Technician II,MA,18***,F,Married,US Citizen,No,White,5/12/2014,,N/A-StillEmployed,Active,Production       ,LinkedIn,Fully Meets,4.6,3,0,2/7/2019,0,20,40-49
EMP-DBF5B3D6,1,1,1,1,5,3,0,48285,0,19,Production Technician I,MA,21***,M ,Married,US Citizen,No,White,7/2/2012,,N/A-StillEmployed,Active,Production       ,LinkedIn,Fully Meets,5.0,3,0,1/14/2019,0,2,40-49
EMP-B24FEB41,0,3,0,3,5,3,0,66149,0,20,Production Technician II,MA,18***,F,Separated,US Citizen,No,American Indian or Alaska Native,9/30/2013,,N/A-StillEmployed,Active,Production       ,Google Search,Fully Meets,4.4,5,0,2/21/2019,0,1,40-49
EMP-1FE09556,1,1,0,3,5,3,0,49256,0,19,Production Technician I,MA,18***,F,Married,US Citizen,No,Asian,8/19/2013,,N/A-StillEmployed,Active,Production       ,LinkedIn,Fully Meets,4.1,5,0,2/15/2019,0,3,
EMP-868F3898,0,2,1,1,5,3,0,62957,0,18,Production Manager,MA,17***,M ,Divorced,US Citizen,No,White,6/2/2015,,N/A-StillEmployed,Active,Production       ,Employee Referral,Fully Meets,4.63,3,0,1/4/2019,0,2,40-49
EMP-452F2AEE,0,2,0,5,5,3,0,63813,1,19,Production Technician I,MA,21***,F,Divorced,US Citizen,No,White,2/21/2011,1/11/2014,more money,Voluntarily Terminated,Production       ,CareerBuilder,Fully Meets,5.0,5,0,6/3/2013,0,17,40-49
EMP-324738C7,1,1,1,1,3,3,0,99020,0,4,BI Developer,MA,21***,M ,Married,US Citizen,No,Black or African American,4/20/2017,,N/A-StillEmployed,Active,IT/IS,Indeed,Fully Meets,4.2,5,5,1/28/2019,0,8,30-39
EMP-875EC5E3,0,0,1,5,6,3,0,71707,1,3,Area Sales Manager,TN,37***,M ,Single,US Citizen,No,Two or more races,3/7/2012,10/31/2014,relocation out of area,Voluntarily Terminated,Sales,LinkedIn,Fully Meets,4.5,5,0,2/1/2013,0,20,
EMP-7CB3FC84,1,1,0,1,5,3,0,54828,0,19,Production Technician I,MA,21***,F,Married,US Citizen,No,White,11/28/2011,,N/A-StillEmployed,Active,Production       ,Google Search,Fully Meets,4.2,4,0,2/22/2019,0,13,40-49
EMP-823DE0EA,0,0,1,1,5,3,0,64246,0,20,Production Technician II,MA,21***,M ,Single,US Citizen,Yes,White,11/11/2013,,N/A-StillEmployed,Active,Production       ,LinkedIn,Fully Meets,5.0,3,0,1/8/2019,0,20,30-39
EMP-BC1F7BEA,0,0,0,5,5,3,0,52177,1,19,Production Technician I,MA,23***,F,Single,US Citizen,No,White,1/9/2012,12/15/2015,retiring,Voluntarily Terminated,Production       ,CareerBuilder,Fully Meets,4.64,4,0,5/2/2015,0,8,
EMP-9DDDDE7E,1,1,0,1,5,4,0,62065,0,19,Production Technician I,MA,18***,F,Married,US Citizen,No,White,5/12/2014,,N/A-StillEmployed,Active,Production       ,CareerBuilder,Exceeds,4.76,4,0,2/15/2019,0,5,
EMP-C2CF8DDD,0,0,1,1,5,3,0,46998,0,19,Production Technician I,MA,21***,M ,Single,US Citizen,No,White,8/13/2012,,N/A-StillEmployed,Active,Production       ,Google Search,Fully Meets,4.17,4,0,2/11/2019,0,1,40-49
EMP-2239804D,0,0,0,5,5,3,0,68099,1,20,Production Technician II,MA,20***,F,Single,US Citizen,No,White,1/10/2011,6/18/2013,hours,Voluntarily Terminated,Production       ,CareerBuilder,Fully Meets,5.0,3,0,1/30/2013,0,15,
EMP-2CF685F7,1,1,1,1,6,3,0,70545,0,3,Area Sales Manager,NH,30***,M ,Married,US Citizen,No,American Indian or Alaska Native,8/18/2014,,N/A-StillEmployed,Active,Sales,Indeed,Fully Meets,3.6,5,0,1/30/2019,0,9,30-39
EMP-37996A5C,1,1,0,5,5,3,0,63478,1,20,Production Technician II,MA,24***,F,Married,Non-Citizen,No,White,8/15/2011,4/7/2012,relocation out of area,Voluntarily Terminated,Production       ,Indeed,Fully Meets,3.03,5,0,3/5/2012,0,16,40-49
EMP-8A21BC0D,0,0,0,1,3,3,0,97999,0,8,Database Administrator,MA,24***,F,Single,US Citizen,No,White,3/30/2015,,N/A-StillEmployed,Active,IT/IS,Indeed,Fully Meets,4.48,5,6,1/3/2019,0,4,40-49
EMP-835159C5,1,1,0,1,6,3,0,180000,0,11,Director of Sales,RI,29***,F,Married,US Citizen,No,White,5/5/2014,,N/A-StillEmployed,Active,Sales,LinkedIn,Fully Meets,4.5,4,0,1/21/2019,0,19,
EMP-29D6A91F,1,1,0,1,1,3,0,49920,1,2,Administrative Assistant,MA,21***,F,Married,US Citizen,No,Black or African American,2/16/2015,4/15/2015,"no-call, no-show",Terminated for Cause,Admin Offices,Indeed,Fully Meets,3.24,3,4,4/15/2015,0,6,40-49
EMP-74B66466,0,0,0,1,5,3,0,55425,0,19,Production Technician I,MA,21***,F,Single,US Citizen,No,White,2/20/2012,,N/A-StillEmployed,Active,Production       ,LinkedIn,Fully Meets,4.8,4,0,1/7/2019,0,4,40-49
EMP-E83DE2A5,0,0,0,2,5,3,0,69340,0,20,Production Technician II,MA,20***,F,Single,US Citizen,No,White,6/6/2016,,N/A-StillEmployed,Active,Production       ,LinkedIn,Fully Meets,3.0,5,0,1/18/2019,0,4,40-49
EMP-427A600F,0,3,0,2,5,3,0,64995,0,20,Production Technician II,MA,23***,F,Separated,US Citizen,No,White,6/5/2015,,N/A-StillEmployed,Active,Production       ,Indeed,Fully Meets,4.5,3,0,2/14/2019,0,6,30-39
EMP-1CA5D0AA,0,2,0,5,5,3,0,68182,1,20,Production Technician II,MA,17***,F,Divorced,US Citizen,No,White,2/21/2011,4/1/2013,unhappy,Voluntarily Terminated,Production       ,Google Search,Fully Meets,3.72,3,0,2/1/2013,0,18,50-59
EMP-B5EB854B,1,1,1,5,5,2,0,83082,1,18,Production Manager,MA,21***,M ,Married,US Citizen,No,Asian,2/21/2011,9/24/2012,unhappy,Voluntarily Terminated,Production       ,Indeed,Needs Improvement,2.34,2,0,4/12/2012,3,4,50-59
EMP-52B67FEC,0,0,0,1,5,3,0,51908,0,19,Production Technician I,MA,17***,F,Single,US Citizen,No,White,8/19/2013,,N/A-StillEmployed,Active,Production       ,Indeed,Fully Meets,3.99,3,0,1/14/2019,0,14,30-39
EMP-4A36D567,0,0,0,1,5,3,0,61242,0,19,Production Technician I,MA,20***,F,Single,US Citizen,No,Black or African American,11/5/2012,,N/A-StillEmployed,Active,Production       ,LinkedIn,Fully Meets,4.1,3,0,1/17/2019,0,7,
EMP-E6FD7E66,0,2,0,1,5,3,0,45069,0,19,Production Technician I,MA,17***,F,Divorced,US Citizen,No,White,9/30/2013,,N/A-StillEmployed,Active,Production       ,Employee Referral,Fully Meets,4.3,5,0,2/22/2019,0,7,
EMP-53A84293,0,2,0,1,5,4,0,60724,0,20,Production Technician II,MA,18***,F,Divorced,US Citizen,No,American Indian or Alaska Native,7/5/2011,,N/A-StillEmployed,Active,Production       ,LinkedIn,Exceeds,4.6,4,0,2/25/2019,0,11,40-49
EMP-1C2A014B,0,3,0,1,5,3,0,60436,0,19,Production Technician I,MA,21***,F,Separated,US Citizen,No,White,1/6/2014,,N/A-StillEmployed,Active,Production       ,LinkedIn,Fully Meets,5.0,5,0,1/21/2019,0,9,
EMP-8A34427D,1,1,1,5,5,4,0,46837,1,19,Production Technician I,MA,24***,M ,Married,US Citizen,No,White,11/7/2011,4/29/2018,more money,Voluntarily Terminated,Production       ,CareerBuilder,Exceeds,4.7,4,0,2/14/2018,0,9,
EMP-6DBBF5BC,1,1,0,3,3,3,0,105700,0,8,Database Administrator,MA,23***,F,Married,US Citizen,No,Asian,1/5/2015,,N/A-StillEmployed,Active,IT/IS,Indeed,Fully Meets,3.75,3,5,2/11/2019,0,2,40-49
EMP-98FD5CBF,0,0,0,1,5,4,0,63322,0,20,Production Technician II,MA,21***,F,Single,US Citizen,No,White,7/7/2014,,N/A-StillEmployed,Active,Production       ,LinkedIn,Exceeds,4.3,3,0,1/11/2019,0,1,
EMP-AF2E3085,1,1,0,5,5,3,0,61154,1,19,Production Technician I,MA,24***,F,Married,US Citizen,No,Black or African American,1/10/2011,4/1/2016,unhappy,Voluntarily Terminated,Production       ,CareerBuilder,Fully Meets,4.0,4,0,2/3/2016,0,4,40-49
EMP-624B610C,0,0,0,5,6,3,0,68999,1,21,Sales Manager,PA,19***,F,Single,US Citizen,No,White,11/7/2011,4/24/2014,maternity leave - did not return,Voluntarily Terminated,Sales,Google Search,Fully Meets,4.5,5,0,3/30/2013,0,2,30-39
EMP-79C4D0E9,0,0,1,1,5,3,0,50482,0,19,Production Technician I,MA,18***,M ,Single,US Citizen,No,White,9/30/2013,,N/A-StillEmployed,Active,Production       ,Indeed,Fully Meets,3.07,4,0,1/23/2019,0,10,50-59
EMP-51F4699A,0,0,1,1,6,3,0,65310,0,3,Area Sales Manager,CO,80***,M ,Single,US Citizen,No,White,8/19/2013,,N/A-StillEmployed,Active,Sales,Indeed,Fully Meets,4.3,5,0,1/22/2019,0,13,40-49
EMP-F887A129,1,1,0,1,2,3,0,250000,0,16,President & CEO,MA,19***,F,Married,US Citizen,Yes,White,7/2/2012,,N/A-StillEmployed,Active,Executive Office,Indeed,Fully Meets,4.83,3,0,1/17/2019,0,10,
EMP-0A7A72C5,1,1,0,5,5,3,0,54005,1,19,Production Technician I,MA,21***,F,Married,US Citizen,No,White,9/26/2011,6/4/2015,more money,Voluntarily Terminated,Production       ,Google Search,Fully Meets,3.6,5,0,3/1/2015,0,16,
EMP-321EF7E8,1,1,0,5,5,3,0,45433,1,19,Production Technician I,MA,21***,F,Married,US Citizen,No,White,9/26/2011,1/9/2014,more money,Voluntarily Terminated,Production       ,Google Search,Fully Meets,3.49,4,0,1/30/2013,0,6,
EMP-6566BA1B,0,0,1,1,5,3,0,46654,0,19,Production Technician I,MA,17***,M ,Single,US Citizen,No,Black or African American,2/17/2014,,N/A-StillEmployed,Active,Production       ,LinkedIn,Fully Meets,3.1,3,0,2/6/2019,0,3,40-49
EMP-4A45CA6F,1,1,1,1,5,3,0,63973,0,19,Production Technician I,MA,18***,M ,Married,US Citizen,No,Asian,1/10/2011,,N/A-StillEmployed,Active,Production       ,Indeed,Fully Meets,3.38,3,0,1/21/2019,0,17,40-49
EMP-5F288716,0,0,1,1,6,3,1,71339,0,3,Area Sales Manager,NY,10***,M ,Single,US Citizen,Yes,Black or African American,3/7/2011,,N/A-StillEmployed,Active,Sales,Diversity Job Fair,Fully Meets,3.65,5,0,1/17/2019,0,20,
EMP-0158E518,1,1,1,3,3,3,0,93206,0,28,Sr. Network Engineer,MA,21***,M ,Married,US Citizen,No,White,11/10/2014,,N/A-StillEmployed,Active,IT/IS,Employee Referral,Fully Meets,4.46,5,6,1/7/2019,0,7,40-49
EMP-2A3C1F80,1,1,1,4,5,3,0,82758,1,18,Production Manager,MA,18***,M ,Married,US Citizen,No,White,1/10/2011,12/12/2015,attendance,Terminated for Cause,Production       ,Employee Referral,Fully Meets,4.78,4,0,2/15/2015,0,9,
EMP-CA025D18,0,2,0,5,5,3,0,66074,1,20,Production Technician II,MA,20***,F,Divorced,US Citizen,No,Asian,1/7/2013,3/31/2014,Another position,Voluntarily Terminated,Production       ,Indeed,Fully Meets,4.52,3,0,2/20/2014,0,20,40-49
EMP-2BF43B99,1,1,1,1,5,3,0,46120,0,19,Production Technician I,MA,20***,M ,Married,US Citizen,No,White,7/9/2012,,N/A-StillEmployed,Active,Production       ,LinkedIn,Fully Meets,5.0,5,0,2/4/2019,0,13,40-49
EMP-010C5573,0,2,1,1,1,3,0,64520,0,1,Accountant I,MA,14***,M ,Divorced,US Citizen,No,Black or African American,1/6/2014,,N/A-StillEmployed,Active,Admin Offices,Website,Fully Meets,5.0,4,4,1/17/2019,0,3,40-49
EMP-6938379A,1,1,1,5,5,3,0,61962,1,20,Production Technician II,MA,21***,M ,Married,US Citizen,No,White,4/2/2012,4/15/2013,more money,Voluntarily Terminated,Production       ,Google Search,Fully Meets,4.9,3,0,2/20/2013,0,20,40-49
EMP-F8B161FB,0,0,0,1,3,3,0,81584,0,22,Senior BI Developer,MA,18***,F,Single,US Citizen,No,Asian,10/2/2016,,N/A-StillEmployed,Active,IT/IS,Indeed,Fully Meets,4.1,5,7,1/8/2019,0,2,30-39
EMP-67FF8FF1,0,0,0,5,5,3,0,63676,1,19,Production Technician I,MA,18***,F,Single,US Citizen,No,Asian,9/26/2011,8/19/2018,return to school,Voluntarily Terminated,Production       ,CareerBuilder,Fully Meets,4.88,3,0,7/2/2017,0,17,40-49
EMP-9FC19ECB,1,1,1,1,1,3,0,93046,0,23,Shared Services Manager,MA,14***,M ,Married,US Citizen,No,White,1/5/2016,,N/A-StillEmployed,Active,Admin Offices,CareerBuilder,Fully Meets,4.1,4,0,1/28/2019,0,20,40-49
EMP-3B12F5A9,1,1,1,1,5,3,0,64738,0,19,Production Technician I,MA,17***,M ,Married,US Citizen,No,Asian,5/14/2012,,N/A-StillEmployed,Active,Production       ,Google Search,Fully Meets,4.1,3,0,2/22/2019,0,10,40-49
EMP-8D1DEA6A,0,3,1,1,6,3,0,70468,0,3,Area Sales Manager,UT,84***,M ,Separated,US Citizen,No,Black or African American,4/30/2012,,N/A-StillEmployed,Active,Sales,Website,Fully Meets,4.53,3,0,1/29/2019,0,16,30-39
EMP-7249E959,1,1,0,1,5,4,0,77915,0,18,Production Manager,MA,21***,F,Married,US Citizen,No,White,9/30/2013,,N/A-StillEmployed,Active,Production       ,Website,Exceeds,4.1,3,0,1/21/2019,0,11,40-49
EMP-08CF6C08,1,1,0,5,5,3,0,52624,1,19,Production Technician I,MA,18***,F,Married,US Citizen,No,White,7/5/2011,9/26/2018,unhappy,Voluntarily Terminated,Production       ,Indeed,Fully Meets,3.18,4,0,3/2/2018,0,16,40-49
EMP-2D9201D8,1,1,1,3,5,3,0,63450,0,20,Production Technician II,MA,17***,M ,Married,US Citizen,No,White,7/8/2013,,N/A-StillEmployed,Active,Production       ,LinkedIn,Fully Meets,4.0,3,0,2/18/2019,0,7,40-49
EMP-39346D49,0,0,0,1,3,4,1,51777,0,14,IT Support,CT,60***,F,Single,US Citizen,Yes,Black or African American,1/21/2011,,N/A-StillEmployed,Active,IT/IS,Diversity Job Fair,Exceeds,4.64,4,5,1/25/2019,0,14,30-39
EMP-7780E013,0,4,0,5,5,3,0,67237,1,20,Production Technician II,MA,21***,F,Widowed,US Citizen,No,White,7/8/2013,9/15/2016,more money,Voluntarily Terminated,Production       ,LinkedIn,Fully Meets,4.65,4,0,6/10/2016,0,15,50-59
EMP-BF4A97BD,0,0,0,1,5,4,0,73330,0,20,Production Technician II,MA,23***,F,Single,US Citizen,No,Black or African American,8/19/2013,,N/A-StillEmployed,Active,Production       ,Indeed,Exceeds,4.2,4,0,2/12/2019,0,19,40-49
EMP-408934A9,1,1,0,3,5,3,0,52057,0,19,Production Technician I,MA,21***,F,Married,US Citizen,No,Black or African American,2/16/2015,,N/A-StillEmployed,Active,Production       ,Website,Fully Meets,5.0,3,0,1/23/2019,0,6,
EMP-0D9A5484,0,0,0,5,5,4,1,47434,1,19,Production Technician I,MA,18***,F,Single,US Citizen,Yes,Black or African American,11/7/2011,11/14/2015,Another position,Voluntarily Terminated,Production       ,Diversity Job Fair,Exceeds,5.0,4,0,2/2/2015,0,17,
EMP-CFAF1D10,0,4,1,5,5,3,0,52788,1,19,Production Technician I,MA,19***,M ,Widowed,US Citizen,No,White,9/24/2012,9/26/2017,hours,Voluntarily Terminated,Production       ,Indeed,Fully Meets,3.08,4,0,4/1/2017,0,18,
EMP-2A5923F3,0,0,0,1,5,3,0,45395,0,19,Production Technician I,MA,21***,F,Single,US Citizen,No,White,1/6/2014,,N/A-StillEmployed,Active,Production       ,LinkedIn,Fully Meets,4.6,4,0,2/26/2019,0,14,40-49
EMP-32F69E84,1,1,0,2,5,3,0,62385,0,20,Production Technician II,MA,23***,F,Married,US Citizen,No,White,5/11/2016,,N/A-StillEmployed,Active,Production       ,LinkedIn,Fully Meets,5.0,3,0,1/21/2019,0,4,50-59
EMP-2FE69332,1,1,0,5,5,3,0,68407,1,20,Production Technician II,MA,21***,F,Married,US Citizen,No,Two or more races,7/5/2011,8/19/2012,Another position,Voluntarily Terminated,Production       ,LinkedIn,Fully Meets,5.0,4,0,7/2/2012,0,16,40-49
EMP-724A1F1F,1,1,0,1,5,3,0,61349,0,19,Production Technician I,MA,24***,F,Married,US Citizen,No,White,11/11/2013,,N/A-StillEmployed,Active,Production       ,LinkedIn,Fully Meets,4.1,3,0,1/22/2019,0,11,
EMP-DB757B73,0,0,0,1,4,3,0,105688,0,24,Software Engineer,MA,21***,F,Single,US Citizen,No,Asian,11/11/2013,,N/A-StillEmployed,Active,Software Engineering,Google Search,Fully Meets,4.5,5,4,1/14/2019,0,14,30-39
EMP-885332B7,1,1,0,1,5,3,0,54132,0,19,Production Technician I,MA,23***,F,Married,US Citizen,No,White,5/31/2011,,N/A-StillEmployed,Active,Production       ,Indeed,Fully Meets,5.0,4,0,1/10/2019,0,8,40-49
EMP-9C7881A9,0,0,0,1,5,3,0,55315,0,20,Production Technician II,MA,21***,F,Single,US Citizen,No,Black or African American,3/30/2015,,N/A-StillEmployed,Active,Production       ,LinkedIn,Fully Meets,5.0,5,0,2/7/2019,0,16,30-39
EMP-258C2D6E,1,1,0,1,5,3,0,62810,0,19,Production Technician I,MA,21***,F,Married,US Citizen,No,Black or African American,1/7/2013,,N/A-StillEmployed,Active,Production       ,CareerBuilder,Fully Meets,3.93,3,0,1/30/2019,0,20,30-39
EMP-42BFE80F,1,1,1,2,6,3,0,63291,0,3,Area Sales Manager,TX,78***,M ,Married,US Citizen,No,Two or more races,7/6/2016,,N/A-StillEmployed,Active,Sales,Website,Fully Meets,3.4,4,0,1/29/2019,0,7,40-49
EMP-E9285387,0,0,0,5,5,3,1,62659,1,19,Production Technician I,MA,17***,F,Single,US Citizen,No,Black or African American,4/2/2012,11/11/2016,Another position,Voluntarily Terminated,Production       ,Diversity Job Fair,Fully Meets,4.18,4,0,2/5/2016,0,17,
EMP-12007F07,0,0,0,1,5,3,0,55688,0,19,Production Technician I,MA,23***,F,Single,US Citizen,No,White,3/30/2015,,N/A-StillEmployed,Active,Production       ,CareerBuilder,Fully Meets,5.0,4,0,1/21/2019,0,10,50-59
EMP-C81770E4,0,0,1,1,5,3,0,83667,0,18,Production Manager,MA,20***,M ,Single,US Citizen,yes,Hispanic,8/16/2012,,N/A-StillEmployed,Active,Production       ,Indeed,Fully Meets,4.37,3,0,1/14/2019,0,2,40-49
EMP-AB7001DF,0,0,1,5,5,1,0,55800,1,20,Production Technician II,MA,24***,M ,Single,US Citizen,No,White,8/15/2011,9/4/2014,unhappy,Voluntarily Terminated,Production       ,LinkedIn,PIP,3.0,2,0,1/14/2013,6,6,40-49
EMP-CC3B02A1,1,1,1,1,5,3,0,58207,0,20,Production Technician II,MA,14***,M ,Married,US Citizen,No,White,11/7/2011,,N/A-StillEmployed,Active,Production       ,LinkedIn,Fully Meets,3.7,3,0,1/8/2019,0,14,30-39
EMP-54E8C1FE,1,1,1,1,3,2,1,157000,0,13,IT Manager - Infra,MA,21***,M ,Married,Eligible NonCitizen,Yes,Black or African American,2/15/2012,,N/A-StillEmployed,Active,IT/IS,Diversity Job Fair,Needs Improvement,2.39,3,6,2/22/2019,4,13,40-49
EMP-544D3F9C,0,0,0,1,5,4,0,72460,0,20,Production Technician II,MA,21***,F,Single,US Citizen,No,Black or African American,5/13/2013,,N/A-StillEmployed,Active,Production       ,Indeed,Exceeds,4.7,3,0,1/14/2019,0,1,
EMP-5616B218,0,0,1,3,5,3,1,72106,0,20,Production Technician II,MA,21***,M ,Single,US Citizen,No,Black or African American,1/9/2012,,N/A-StillEmployed,Active,Production       ,Diversity Job Fair,Fully Meets,4.1,4,0,1/31/2019,0,12,50-59
EMP-886C87E6,1,1,0,1,3,3,0,52599,0,15,Network Engineer,MA,20***,F,Married,US Citizen,No,White,2/16/2015,,N/A-StillEmployed,Active,IT/IS,CareerBuilder,Fully Meets,3.81,3,6,2/11/2019,0,6,40-49
EMP-85C525B0,0,2,0,1,5,3,0,63430,0,19,Production Technician I,MA,24***,F,Divorced,US Citizen,No,White,4/1/2013,,N/A-StillEmployed,Active,Production       ,LinkedIn,Fully Meets,4.4,4,0,1/17/2019,0,18,40-49
EMP-801AAA19,0,3,1,1,5,3,0,74417,0,20,Production Technician II,MA,14***,M ,Separated,US Citizen,No,Black or African American,5/13/2013,,N/A-StillEmployed,Active,Production       ,LinkedIn,Fully Meets,4.29,5,0,1/28/2019,0,11,
EMP-1FC3B814,0,0,1,1,5,3,0,57575,0,19,Production Technician I,MA,15***,M ,Single,US Citizen,No,Asian,7/8/2013,,N/A-StillEmployed,Active,Production       ,LinkedIn,Fully Meets,4.1,4,0,1/22/2019,0,13,40-49
EMP-5F7BB53B,0,0,1,1,3,3,0,87921,0,22,Senior BI Developer,MA,20***,M ,Single,US Citizen,No,Asian,2/10/2017,,N/A-StillEmployed,Active,IT/IS,Indeed,Fully Meets,5.0,3,6,2/25/2019,0,17,
EMP-DA795C9B,0,0,1,5,5,3,1,50470,1,19,Production Technician I,MA,21***,M ,Single,US Citizen,No,Black or African American,9/26/2011,4/4/2014,return to school,Voluntarily Terminated,Production       ,Diversity Job Fair,Fully Meets,4.3,3,0,3/2/2013,0,19,30-39
EMP-570C3CD7,1,1,1,5,5,3,0,46664,1,19,Production Technician I,MA,24***,M ,Married,US Citizen,No,White,4/1/2013,5/25/2016,more money,Voluntarily Terminated,Production       ,Employee Referral,Fully Meets,3.18,3,0,3/6/2016,0,10,40-49
EMP-C21EC564,1,1,1,3,5,3,0,48495,0,19,Production Technician I,MA,21***,M ,Married,US Citizen,No,White,5/12/2014,,N/A-StillEmployed,Active,Production       ,LinkedIn,Fully Meets,5.0,5,0,2/18/2019,0,11,40-49
EMP-B6D36910,0,3,0,1,5,4,1,52984,0,19,Production Technician I,MA,18***,F,Separated,US Citizen,No,Black or African American,4/1/2013,,N/A-StillEmployed,Active,Production       ,Diversity Job Fair,Exceeds,4.0,3,0,2/13/2019,0,12,
EMP-AC7E951A,0,0,0,1,6,3,0,63695,0,3,Area Sales Manager,GA,30***,F,Single,US Citizen,No,Two or more races,7/8/2013,,N/A-StillEmployed,Active,Sales,Indeed,Fully Meets,5.0,5,0,1/25/2019,0,2,30-39
EMP-DDD08506,0,0,0,1,5,3,0,62061,0,19,Production Technician I,MA,21***,F,Single,US Citizen,No,White,7/8/2013,,N/A-StillEmployed,Active,Production       ,LinkedIn,Fully Meets,3.6,5,0,1/2/2019,0,4,40-49
EMP-BE02AC56,0,0,0,1,5,3,0,66738,0,20,Production Technician II,MA,10***,F,Single,US Citizen,No,White,11/10/2014,,N/A-StillEmployed,Active,Production       ,Indeed,Fully Meets,4.53,5,0,1/16/2019,0,5,40-49
EMP-6B404E38,0,0,0,4,5,1,0,52674,1,19,Production Technician I,MA,21***,F,Single,US Citizen,No,Two or more races,3/31/2014,5/1/2018,performance,Terminated for Cause,Production       ,LinkedIn,PIP,2.33,2,0,3/9/2018,6,3,40-49
EMP-B0709DFD,1,1,0,5,5,3,0,71966,1,20,Production Technician II,MA,24***,F,Married,US Citizen,No,Asian,5/14/2012,8/19/2013,unhappy,Voluntarily Terminated,Production       ,LinkedIn,Fully Meets,5.0,3,0,7/2/2013,0,17,
EMP-9E00969F,0,0,0,1,6,3,0,63051,0,3,Area Sales Manager,FL,33***,F,Single,US Citizen,Yes,White,9/30/2013,,N/A-StillEmployed,Active,Sales,Indeed,Fully Meets,4.28,3,0,1/25/2019,0,1,30-39
EMP-17EB8859,1,1,1,1,5,4,0,47414,0,19,Production Technician I,MA,24***,M ,Married,US Citizen,No,White,9/30/2013,,N/A-StillEmployed,Active,Production       ,LinkedIn,Exceeds,5.0,3,0,2/7/2019,0,13,50-59
EMP-54409A01,0,0,1,1,5,2,0,53060,0,19,Production Technician I,MA,17***,M ,Single,US Citizen,No,Black or African American,2/17/2014,,N/A-StillEmployed,Active,Production       ,LinkedIn,Needs Improvement,4.25,3,0,2/4/2019,4,6,40-49
EMP-8A0C5EBD,0,0,1,1,6,3,0,68829,0,3,Area Sales Manager,NC,27***,M ,Single,US Citizen,No,White,1/5/2015,,N/A-StillEmployed,Active,Sales,Website,Fully Meets,5.0,5,0,1/14/2019,0,18,40-49
EMP-47163EFA,1,1,0,5,5,3,0,63515,1,19,Production Technician I,MA,23***,F,Married,US Citizen,No,White,2/7/2011,1/12/2014,Another position,Voluntarily Terminated,Production       ,Google Search,Fully Meets,3.89,4,0,3/4/2013,0,7,40-49
EMP-A1C5F558,0,0,1,5,4,4,1,108987,1,24,Software Engineer,MA,18***,M ,Single,US Citizen,No,Black or African American,11/7/2011,9/7/2015,Another position,Voluntarily Terminated,Software Engineering,Diversity Job Fair,Exceeds,5.0,5,3,8/16/2015,0,13,40-49
EMP-8F555090,1,1,1,5,3,3,0,93093,1,9,Data Analyst,MA,27***,M ,Married,US Citizen,No,White,12/1/2014,5/1/2016,performance,Voluntarily Terminated,IT/IS,Employee Referral,Fully Meets,4.7,4,5,1/16/2016,0,19,40-49
EMP-555E1980,0,0,1,5,5,2,0,53564,1,19,Production Technician I,MA,24***,M ,Single,US Citizen,No,Black or African American,1/10/2011,12/28/2017,career change,Voluntarily Terminated,Production       ,Google Search,Needs Improvement,3.54,5,0,4/6/2017,4,15,30-39
EMP-8854BD14,1,1,0,5,5,2,0,60270,1,20,Production Technician II,MA,24***,F,Married,US Citizen,No,Asian,7/5/2011,9/15/2015,unhappy,Voluntarily Terminated,Production       ,CareerBuilder,Needs Improvement,2.4,5,0,2/6/2015,5,2,30-39
EMP-BE79FB15,0,0,0,5,5,3,0,45998,1,19,Production Technician I,MA,21***,F,Single,US Citizen,No,White,5/16/2011,10/25/2015,medical issues,Voluntarily Terminated,Production       ,LinkedIn,Fully Meets,3.45,4,0,5/13/2014,0,5,40-49
EMP-67D9697A,1,1,0,5,5,4,0,57954,1,20,Production Technician II,MA,18***,F,Married,US Citizen,No,White,5/16/2011,2/4/2013,more money,Voluntarily Terminated,Production       ,Indeed,Exceeds,4.2,5,0,1/10/2013,0,12,40-49
EMP-3BD5092B,1,1,0,5,5,3,0,74669,1,18,Production Manager,MA,20***,F,Married,US Citizen,No,White,10/25/2010,5/18/2016,Another position,Voluntarily Terminated,Production       ,Indeed,Fully Meets,4.16,5,0,3/5/2015,0,6,40-49
EMP-376EFBF4,1,1,0,1,5,3,0,74226,0,20,Production Technician II,MA,20***,F,Married,Eligible NonCitizen,No,Asian,4/2/2012,,N/A-StillEmployed,Active,Production       ,LinkedIn,Fully Meets,4.3,3,0,1/14/2019,0,14,40-49
EMP-07820809,1,1,0,1,3,4,0,93554,0,9,Data Analyst,MA,18***,F,Married,US Citizen,No,Black or African American,11/10/2014,,N/A-StillEmployed,Active,IT/IS,Employee Referral,Exceeds,4.6,5,7,1/4/2019,0,16,40-49
EMP-BB0C5A9F,1,1,1,5,5,3,0,64724,1,19,Production Technician I,MA,24***,M ,Married,US Citizen,No,Asian,7/5/2011,11/30/2012,more money,Voluntarily Terminated,Production       ,Google Search,Fully Meets,5.0,3,0,2/20/2012,0,13,30-39
EMP-00AD7E2E,0,0,1,1,5,3,0,47001,0,19,Production Technician I,MA,24***,M ,Single,US Citizen,No,White,11/5/2007,,N/A-StillEmployed,Active,Production       ,Google Search,Fully Meets,3.66,3,0,2/25/2019,0,15,40-49
EMP-533A874C,1,1,0,1,6,3,0,61844,0,3,Area Sales Manager,KY,40***,F,Married,US Citizen,No,Black or African American,1/9/2012,,N/A-StillEmployed,Active,Sales,Website,Fully Meets,4.2,5,0,2/1/2019,0,9,30-39
EMP-9E183183,0,2,0,5,5,3,0,46799,1,19,Production Technician I,MA,17***,F,Divorced,Eligible NonCitizen,No,Asian,5/16/2011,6/4/2018,Another position,Voluntarily Terminated,Production       ,Google Search,Fully Meets,3.17,4,0,4/2/2018,0,14,40-49
EMP-161B0DC3,0,0,1,1,5,3,0,59472,0,19,Production Technician I,MA,21***,M ,Single,US Citizen,No,White,1/6/2014,,N/A-StillEmployed,Active,Production       ,Employee Referral,Fully Meets,4.8,3,0,1/7/2019,0,14,
EMP-60CE8C1B,0,2,0,5,5,3,0,46430,1,19,Production Technician I,MA,24***,F,Divorced,US Citizen,No,White,9/24/2012,6/18/2013,unhappy,Voluntarily Terminated,Production       ,Indeed,Fully Meets,4.5,5,0,4/2/2013,0,16,
EMP-FBD3D0C1,1,1,1,5,1,3,1,83363,1,23,Software Engineer,MA,20***,M ,Married,Eligible NonCitizen,No,Black or African American,2/21/2011,8/15/2015,career change,Voluntarily Terminated,Software Engineering,Diversity Job Fair,Fully Meets,4.15,4,0,4/19/2014,0,4,40-49
EMP-C230F6B7,1,1,0,1,3,3,0,95920,0,4,BI Developer,MA,21***,F,Married,US Citizen,No,Black or African American,10/2/2016,,N/A-StillEmployed,Active,IT/IS,Indeed,Fully Meets,4.4,4,6,2/6/2019,0,10,40-49
EMP-5499E151,0,2,1,5,5,3,0,61729,1,19,Production Technician I,MA,24***,M ,Divorced,US Citizen,No,White,9/26/2011,4/7/2018,more money,Voluntarily Terminated,Production       ,Indeed,Fully Meets,3.8,5,0,2/4/2018,0,19,40-49
EMP-B117636B,1,1,1,1,6,3,0,61809,0,3,Area Sales Manager,ID,83***,M ,Married,US Citizen,No,White,5/12/2014,,N/A-StillEmployed,Active,Sales,CareerBuilder,Fully Meets,3.98,3,0,1/28/2019,0,4,
EMP-71AFD924,0,2,1,5,5,3,0,45115,1,19,Production Technician I,MA,21***,M ,Divorced,US Citizen,Yes,White,5/16/2011,1/15/2016,retiring,Voluntarily Terminated,Production       ,LinkedIn,Fully Meets,5.0,4,0,3/30/2015,0,11,40-49
EMP-DDF3FF7C,1,1,0,1,5,4,0,46738,0,19,Production Technician I,MA,21***,F,Married,US Citizen,No,Asian,11/28/2011,,N/A-StillEmployed,Active,Production       ,Google Search,Exceeds,4.36,5,0,2/11/2019,0,16,
EMP-F3F2C770,0,2,0,5,5,3,0,64971,1,20,Production Technician II,MA,19***,F,Divorced,Eligible NonCitizen,No,Black or African American,9/26/2011,10/22/2011,return to school,Voluntarily Terminated,Production       ,Google Search,Fully Meets,4.5,4,0,10/22/2011,0,10,40-49
EMP-71AF38D8,1,1,1,5,5,3,0,55578,1,20,Production Technician II,MA,21***,M ,Married,US Citizen,No,White,7/5/2011,2/8/2012,Another position,Voluntarily Terminated,Production       ,Indeed,Fully Meets,4.2,5,0,1/6/2012,0,13,
EMP-E8E8C075,1,1,1,5,5,3,0,50428,1,19,Production Technician I,MA,14***,M ,Married,US Citizen,No,Black or African American,1/10/2011,1/26/2016,attendance,Voluntarily Terminated,Production       ,Indeed,Fully Meets,5.0,3,0,1/10/2015,0,11,
EMP-1AC9890A,1,1,0,4,5,2,0,61422,1,19,Production Technician I,MA,14***,F,Married,US Citizen,No,White,1/10/2011,5/17/2016,attendance,Terminated for Cause,Production       ,Indeed,Needs Improvement,3.6,3,0,4/5/2016,4,16,40-49
EMP-7741D341,0,4,1,1,5,4,0,63353,0,19,Production Technician I,MA,17***,M ,Widowed,US Citizen,No,White,7/8/2013,,N/A-StillEmployed,Active,Production       ,Employee Referral,Exceeds,3.6,5,0,2/11/2019,0,4,40-49
EMP-AC30B832,1,1,0,1,3,3,0,89883,0,9,Data Analyst,MA,18***,F,Married,US Citizen,No,White,2/16/2015,,N/A-StillEmployed,Active,IT/IS,Employee Referral,Fully Meets,3.69,5,6,2/14/2019,0,15,40-49
EMP-C91F2AAC,0,0,0,5,3,3,0,120000,1,29,Principal Data Architect,MA,27***,F,Single,US Citizen,Yes,White,1/5/2015,11/10/2018,Another position,Voluntarily Terminated,IT/IS,LinkedIn,Fully Meets,3.88,3,7,2/13/2018,0,12,
EMP-9646F275,0,0,0,1,3,3,0,150290,0,7,Data Architect,MA,20***,F,Single,US Citizen,No,Black or African American,1/7/2017,,N/A-StillEmployed,Active,IT/IS,Indeed,Fully Meets,4.94,3,5,2/6/2019,0,17,
EMP-7FEDF7AA,0,3,0,1,5,3,0,60627,0,19,Production Technician I,MA,18***,F,Separated,US Citizen,No,White,1/6/2014,,N/A-StillEmployed,Active,Production       ,Website,Fully Meets,5.0,4,0,1/31/2019,0,8,
EMP-A4E1E8F9,0,0,1,5,5,3,0,53180,1,19,Production Technician I,MA,21***,M ,Single,US Citizen,No,White,4/4/2011,8/13/2018,Another position,Voluntarily Terminated,Production       ,Google Search,Fully Meets,5.0,5,0,7/2/2018,0,4,30-39
EMP-F101190F,0,0,1,1,3,3,0,140920,0,13,IT Manager - DB,MA,24***,M ,Single,US Citizen,No,White,1/20/2013,,N/A-StillEmployed,Active,IT/IS,Indeed,Fully Meets,3.6,5,7,2/18/2019,0,13,
EMP-C1D7B99C,0,2,1,5,3,3,1,148999,1,13,IT Manager - DB,MA,19***,M ,Divorced,US Citizen,No,Black or African American,1/9/2012,11/4/2015,hours,Voluntarily Terminated,IT/IS,Diversity Job Fair,Fully Meets,4.3,4,6,1/4/2015,0,8,
EMP-DD7454C8,1,1,0,1,4,3,0,86214,0,24,Software Engineer,MA,21***,F,Married,US Citizen,No,White,11/5/2012,,N/A-StillEmployed,Active,Software Engineering,Indeed,Fully Meets,4.2,3,6,2/13/2019,0,2,40-49
EMP-A167CA1B,0,0,0,2,5,2,1,47750,0,19,Production Technician I,MA,18***,F,Single,US Citizen,No,Black or African American,7/4/2016,,N/A-StillEmployed,Active,Production       ,Diversity Job Fair,Needs Improvement,2.6,4,0,2/18/2019,5,4,
EMP-CC313CE7,0,0,1,5,5,3,0,46428,1,19,Production Technician I,MA,21***,M ,Single,US Citizen,No,White,1/5/2009,7/30/2018,relocation out of area,Voluntarily Terminated,Production       ,Google Search,Fully Meets,4.6,5,0,2/5/2018,0,7,
EMP-26566CFE,1,1,1,1,5,3,0,57975,0,20,Production Technician II,MA,20***,M ,Married,US Citizen,No,White,8/30/2010,,N/A-StillEmployed,Active,Production       ,CareerBuilder,Fully Meets,4.1,3,0,1/10/2019,0,13,40-49
EMP-67B85161,0,2,1,5,3,3,0,88527,1,9,Data Analyst ,MA,24***,M ,Divorced,US Citizen,No,Black or African American,1/5/2015,10/31/2015,hours,Voluntarily Terminated,IT/IS,LinkedIn,Fully Meets,4.2,3,5,4/20/2015,0,2,30-39
EMP-3BB7A172,1,1,0,1,5,3,0,56147,0,19,Production Technician I,MA,21***,F,Married,US Citizen,No,Black or African American,9/29/2014,,N/A-StillEmployed,Active,Production       ,LinkedIn,Fully Meets,3.51,3,0,2/18/2019,0,2,30-39
EMP-4C13492A,0,0,0,3,5,3,0,50923,0,19,Production Technician I,MA,21***,F,Single,US Citizen,No,Asian,9/30/2013,,N/A-StillEmployed,Active,Production       ,Google Search,Fully Meets,5.0,5,0,2/6/2019,0,14,
EMP-525A3CE3,1,1,0,1,3,3,0,50750,0,15,Network Engineer,MA,17***,F,Married,US Citizen,No,White,9/30/2014,,N/A-StillEmployed,Active,IT/IS,LinkedIn,Fully Meets,3.31,3,6,1/7/2019,0,7,40-49
EMP-BD967167,1,1,0,1,5,3,0,52087,0,19,Production Technician I,MA,21***,F,Married,US Citizen,No,White,8/19/2013,,N/A-StillEmployed,Active,Production       ,LinkedIn,Fully Meets,4.81,4,0,2/15/2019,0,15,40-49
EMP-90745684,1,1,1,1,3,3,0,87826,0,9,Data Analyst,MA,21***,M ,Married,US Citizen,Yes,White,1/5/2015,,N/A-StillEmployed,Active,IT/IS,Employee Referral,Fully Meets,3.32,3,7,1/14/2019,0,16,
EMP-0B76F56B,0,0,0,1,1,3,0,51920,0,2,Administrative Assistant,MA,23***,F,Single,US Citizen,No,White,5/1/2015,,N/A-StillEmployed,Active,Admin Offices,Website,Fully Meets,5.0,3,5,1/15/2019,0,2,30-39
EMP-1BAE5F93,0,0,0,5,5,3,0,63878,1,20,Production Technician II,MA,18***,F,Single,US Citizen,No,White,10/26/2009,4/8/2015,maternity leave - did not return,Voluntarily Terminated,Production       ,CareerBuilder,Fully Meets,4.68,4,0,4/2/2015,0,20,30-39
EMP-B40AB667,0,0,1,1,5,4,0,60656,0,20,Production Technician II,MA,20***,M ,Single,US Citizen,No,White,9/29/2014,,N/A-StillEmployed,Active,Production       ,Indeed,Exceeds,4.3,3,0,1/28/2019,0,4,
EMP-41DC855C,0,2,1,1,6,2,1,72992,0,21,Sales Manager,MA,18***,M ,Divorced,US Citizen,No,Black or African American,5/18/2014,,N/A-StillEmployed,Active,Sales,Diversity Job Fair,Needs Improvement,2.4,4,0,1/16/2019,2,16,40-49
EMP-40A7B25D,1,1,0,5,1,3,1,55000,1,2,Administrative Assistant,MA,18***,F,Married,US Citizen,No,Black or African American,9/26/2011,9/25/2013,career change,Voluntarily Terminated,Admin Offices,Diversity Job Fair,Fully Meets,3.8,4,4,8/15/2013,0,17,30-39
EMP-23E9AC6D,0,0,0,1,5,3,0,58939,0,19,Production Technician I,MA,21***,F,Single,US Citizen,No,White,11/11/2013,,N/A-StillEmployed,Active,Production       ,Employee Referral,Fully Meets,3.73,3,0,1/24/2019,0,16,
EMP-71E38AC3,1,1,0,1,3,3,0,66593,0,14,IT Support,MA,23***,F,Married,US Citizen,No,Black or African American,6/10/2011,,N/A-StillEmployed,Active,IT/IS,LinkedIn,Fully Meets,4.3,3,5,2/8/2019,0,19,
EMP-7E307F06,1,1,1,2,3,3,0,87565,0,28,Sr. Network Engineer,MA,15***,M ,Married,US Citizen,No,Asian,6/30/2016,,N/A-StillEmployed,Active,IT/IS,LinkedIn,Fully Meets,3.27,4,5,1/14/2019,0,13,40-49
EMP-771DDB73,1,1,0,1,5,1,0,64021,0,19,Production Technician I,MA,20***,F,Married,US Citizen,No,White,2/20/2012,,N/A-StillEmployed,Active,Production       ,Indeed,PIP,2.4,2,1,2/25/2019,6,20,
EMP-2FAF4C3D,1,1,0,1,5,3,0,65714,0,18,Production Manager,MA,24***,F,Married,US Citizen,No,White,10/2/2012,,N/A-StillEmployed,Active,Production       ,LinkedIn,Fully Meets,4.83,5,0,2/14/2019,0,15,
EMP-A764F2CE,0,2,0,5,5,4,0,62425,1,19,Production Technician I,MA,23***,F,Divorced,US Citizen,No,White,5/13/2013,6/29/2015,unhappy,Voluntarily Terminated,Production       ,LinkedIn,Exceeds,4.1,4,0,3/2/2015,0,16,
EMP-C4E97DDE,0,2,0,1,5,3,0,47961,0,19,Production Technician I,MA,20***,F,Divorced,US Citizen,No,Two or more races,1/10/2011,,N/A-StillEmployed,Active,Production       ,Google Search,Fully Meets,4.1,4,0,2/7/2019,0,9,40-49
EMP-F1E8E940,1,1,1,1,6,1,0,58273,0,3,Area Sales Manager,NV,89***,M ,Married,US Citizen,No,White,5/12/2014,,N/A-StillEmployed,Active,Sales,Website,PIP,1.81,2,0,1/17/2019,3,5,
EMP-3D1564D4,0,0,1,1,1,3,0,63003,0,1,Accountant I,MA,27***,M ,Single,US Citizen,No,White,9/29/2014,,N/A-StillEmployed,Active,Admin Offices,Indeed,Fully Meets,3.9,5,5,1/18/2019,0,9,40-49
EMP-4A93457C,1,1,1,1,5,3,0,61355,0,19,Production Technician I,MA,23***,M ,Married,US Citizen,No,Asian,2/17/2014,,N/A-StillEmployed,Active,Production       ,LinkedIn,Fully Meets,4.7,3,0,1/11/2019,0,4,40-49
EMP-6962FEE2,1,1,0,1,6,3,0,60120,0,3,Area Sales Manager,MT,59***,F,Married,US Citizen,No,Black or African American,9/27/2010,,N/A-StillEmployed,Active,Sales,Indeed,Fully Meets,4.1,4,0,1/31/2019,0,18,30-39
EMP-1762E88A,1,1,0,1,5,3,0,63682,0,18,Production Manager,MA,17***,F,Married,US Citizen,No,Black or African American,1/8/2009,,N/A-StillEmployed,Active,Production       ,Indeed,Fully Meets,3.73,4,0,1/24/2019,0,12,40-49
EMP-79F0A467,1,1,1,1,5,3,0,63025,0,19,Production Technician I,MA,27***,M ,Married,US Citizen,Yes,White,1/5/2015,,N/A-StillEmployed,Active,Production       ,Google Search,Fully Meets,4.36,5,0,1/24/2019,0,10,40-49
EMP-C32B4F99,0,0,0,1,5,3,0,59238,0,19,Production Technician I,MA,27***,F,Single,Eligible NonCitizen,No,Asian,5/14/2012,,N/A-StillEmployed,Active,Production       ,Indeed,Fully Meets,3.4,5,0,1/31/2019,0,13,
EMP-8DA5C2F1,0,0,1,1,4,4,0,92989,0,24,Software Engineer,MA,21***,M ,Single,US Citizen,No,White,7/7/2014,,N/A-StillEmployed,Active,Software Engineering,LinkedIn,Exceeds,4.5,5,5,2/18/2019,0,1,40-49
EMP-5CEE183D,1,1,1,1,3,3,0,90100,0,4,BI Developer,MA,21***,M ,Married,US Citizen,No,White,4/20/2017,,N/A-StillEmployed,Active,IT/IS,Indeed,Fully Meets,3.4,3,6,1/2/2019,0,14,30-39
EMP-637BA1F3,1,1,0,5,5,3,1,60754,1,19,Production Technician I,MA,18***,F,Married,Non-Citizen,No,Black or African American,4/27/2009,4/1/2013,Another position,Voluntarily Terminated,Production       ,Diversity Job Fair,Fully Meets,4.5,5,0,2/15/2012,0,11,
EMP-8E172C40,1,1,0,5,5,3,0,72202,1,20,Production Technician II,MA,21***,F,Married,US Citizen,No,White,5/16/2011,7/8/2017,Another position,Voluntarily Terminated,Production       ,Google Search,Fully Meets,3.93,3,0,4/18/2017,0,3,
EMP-8B50FD81,0,0,0,1,6,3,0,58370,0,3,Area Sales Manager,OR,97***,F,Single,US Citizen,No,Black or African American,9/29/2014,,N/A-StillEmployed,Active,Sales,Indeed,Fully Meets,3.69,3,0,1/28/2019,0,18,
EMP-F958992C,0,0,0,5,5,3,0,48413,1,19,Production Technician I,MA,20***,F,Single,US Citizen,No,White,7/5/2011,9/5/2016,return to school,Voluntarily Terminated,Production       ,Indeed,Fully Meets,3.98,4,0,3/2/2016,0,1,
EMP-7DCF1501,0,4,1,5,5,3,0,67176,1,20,Production Technician II,MA,24***,M ,Widowed,US Citizen,No,White,6/25/2007,8/30/2010,military,Voluntarily Terminated,Production       ,Other,Fully Meets,4.1,4,0,7/14/2010,0,15,
EMP-E37BB12E,0,2,0,1,5,3,0,56339,0,19,Production Technician I,MA,20***,F,Divorced,US Citizen,No,Black or African American,2/18/2013,,N/A-StillEmployed,Active,Production       ,Indeed,Fully Meets,4.21,5,0,1/14/2019,0,4,
EMP-5264EFEA,0,3,1,1,6,4,0,64397,0,3,Area Sales Manager,ND,58***,M ,Separated,US Citizen,No,White,1/9/2006,,N/A-StillEmployed,Active,Sales,Indeed,Exceeds,4.1,3,0,1/4/2019,0,6,
EMP-215B82B0,0,0,0,1,5,2,0,63025,0,19,Production Technician I,MA,20***,F,Single,US Citizen,No,White,2/17/2014,,N/A-StillEmployed,Active,Production       ,LinkedIn,Needs Improvement,2.44,5,0,2/11/2019,4,18,40-49
EMP-E7CDD6B8,1,1,1,5,3,3,0,75281,1,15,Network Engineer,MA,14***,M ,Married,US Citizen,No,White,1/5/2015,2/12/2016,medical issues,Voluntarily Terminated,IT/IS,CareerBuilder,Fully Meets,5.0,3,5,4/15/2015,0,11,30-39
EMP-3C2FFE67,0,0,1,5,4,3,1,100416,1,24,Software Engineer,MA,24***,M ,Single,Non-Citizen,No,Black or African American,2/18/2013,4/15/2018,medical issues,Voluntarily Terminated,Software Engineering,Diversity Job Fair,Fully Meets,4.6,3,4,2/12/2017,0,9,40-49
EMP-08494E72,0,0,0,5,5,3,0,74813,1,20,Production Technician II,MA,17***,F,Single,US Citizen,No,White,1/10/2011,7/2/2014,unhappy,Voluntarily Terminated,Production       ,LinkedIn,Fully Meets,4.4,3,0,1/5/2014,0,5,40-49
EMP-2487157B,1,1,1,1,3,3,0,76029,0,15,Network Engineer,MA,23***,M ,Married,Eligible NonCitizen,No,White,3/30/2015,,N/A-StillEmployed,Active,IT/IS,Employee Referral,Fully Meets,5.0,4,7,1/14/2019,0,8,
EMP-9E6E0A0F,1,1,0,1,6,3,0,57859,0,3,Area Sales Manager,AZ,85***,F,Married,US Citizen,No,Two or more races,7/5/2011,,N/A-StillEmployed,Active,Sales,Indeed,Fully Meets,2.81,3,0,1/17/2019,0,16,30-39
EMP-21049FE0,0,2,1,5,5,4,0,58523,1,19,Production Technician I,MA,21***,M ,Divorced,US Citizen,No,White,8/13/2012,2/5/2016,maternity leave - did not return,Voluntarily Terminated,Production       ,LinkedIn,Exceeds,4.5,5,0,2/1/2016,0,15,30-39
EMP-84EF557B,0,2,1,1,5,3,0,88976,0,17,Production Manager,MA,21***,M ,Divorced,US Citizen,No,White,8/1/2011,,N/A-StillEmployed,Active,Production       ,Employee Referral,Fully Meets,3.93,3,0,2/27/2019,0,19,
EMP-B0DD537A,0,0,1,1,6,3,0,55875,0,3,Area Sales Manager,ME,40***,M ,Single,US Citizen,No,Asian,3/5/2012,,N/A-StillEmployed,Active,Sales,Website,Fully Meets,4.5,4,0,1/18/2019,0,11,30-39
EMP-30C3CFD7,1,1,1,4,3,3,0,113999,1,8,Database Administrator,MA,19***,M ,Married,US Citizen,No,Black or African American,2/16/2015,2/22/2017,"no-call, no-show",Terminated for Cause,IT/IS,Employee Referral,Fully Meets,4.33,3,7,2/15/2017,0,9,40-49
EMP-22167355,1,1,0,4,5,4,0,49773,1,19,Production Technician I,MA,27***,F,Married,US Citizen,No,White,9/26/2011,2/8/2016,gross misconduct,Terminated for Cause,Production       ,Google Search,Exceeds,4.3,5,0,2/1/2015,0,18,40-49
EMP-1672DD4C,0,0,0,2,5,3,0,62068,0,19,Production Technician I,MA,21***,F,Single,US Citizen,No,White,7/5/2015,,N/A-StillEmployed,Active,Production       ,LinkedIn,Fully Meets,3.21,3,0,1/29/2019,0,7,40-49
EMP-1C6462DC,0,0,1,1,5,3,0,66541,0,20,Production Technician II,MA,24***,M ,Single,US Citizen,No,Black or African American,8/18/2014,,N/A-StillEmployed,Active,Production       ,Employee Referral,Fully Meets,3.11,5,0,2/12/2019,0,4,50-59
EMP-0353B5CE,1,1,0,5,5,3,1,80512,1,18,Production Manager,MA,24***,F,Married,US Citizen,No,Black or African American,9/26/2011,1/2/2012,Another position,Voluntarily Terminated,Production       ,Diversity Job Fair,Fully Meets,4.5,3,0,1/2/2012,0,5,
EMP-D9ADC0EF,0,0,0,5,5,2,0,50274,1,19,Production Technician I,MA,18***,F,Single,US Citizen,No,White,8/13/2012,9/1/2015,career change,Voluntarily Terminated,Production       ,CareerBuilder,Needs Improvement,2.5,3,0,9/5/2014,6,13,40-49
EMP-DD79B9E0,0,0,1,1,3,3,0,84903,0,22,Senior BI Developer,MA,18***,M ,Single,US Citizen,No,Asian,2/15/2017,,N/A-StillEmployed,Active,IT/IS,Indeed,Fully Meets,3.42,4,7,1/4/2019,0,17,40-49
EMP-98C17353,0,4,0,1,3,3,0,107226,0,28,Sr. Network Engineer,MA,24***,F,Widowed,US Citizen,No,Asian,3/30/2015,,N/A-StillEmployed,Active,IT/IS,Employee Referral,Fully Meets,4.2,4,8,2/5/2019,0,7,40-49
EMP-5A5DD583,0,0,1,5,5,3,0,58371,1,19,Production Technician I,MA,20***,M ,Single,US Citizen,Yes,White,1/10/2011,5/15/2014,hours,Voluntarily Terminated,Production       ,LinkedIn,Fully Meets,5.0,5,0,5/15/2014,0,11,30-39
EMP-E1C77B2D,1,1,1,5,5,3,0,55140,1,19,Production Technician I,MA,23***,M ,Married,Eligible NonCitizen,No,White,5/16/2011,9/7/2015,unhappy,Voluntarily Terminated,Production       ,Website,Fully Meets,5.0,3,0,2/15/2015,0,7,
EMP-C1840A58,0,2,0,5,5,3,0,58062,1,19,Production Technician I,MA,18***,F,Divorced,US Citizen,No,White,1/10/2011,5/14/2012,Another position,Voluntarily Terminated,Production       ,Google Search,Fully Meets,3.6,5,0,2/6/2011,0,9,40-49
EMP-69EBEAB6,0,0,0,5,5,3,1,59728,1,19,Production Technician I,MA,21***,F,Single,US Citizen,Yes,Black or African American,1/9/2012,6/27/2015,relocation out of area,Voluntarily Terminated,Production       ,Diversity Job Fair,Fully Meets,4.3,4,0,6/2/2014,0,16,
EMP-92D07FE9,0,0,1,5,5,4,0,70507,1,20,Production Technician II,MA,20***,M ,Single,US Citizen,No,White,1/7/2013,2/21/2016,retiring,Voluntarily Terminated,Production       ,LinkedIn,Exceeds,5.0,3,0,1/19/2016,0,7,
EMP-D364771E,0,0,0,1,5,3,0,60446,0,20,Production Technician II,MA,23***,F,Single,US Citizen,No,White,9/29/2014,,N/A-StillEmployed,Active,Production       ,LinkedIn,Fully Meets,3.4,4,0,2/21/2019,0,14,40-49
EMP-9190A41C,0,0,1,1,5,3,0,65893,0,20,Production Technician II,MA,18***,M ,Single,US Citizen,No,White,7/7/2014,,N/A-StillEmployed,Active,Production       ,LinkedIn,Fully Meets,4.07,4,0,2/28/2019,0,13,40-49
EMP-85EC38D8,0,0,0,5,5,1,0,48513,1,19,Production Technician I,MA,24***,F,Single,US Citizen,No,Asian,9/2/2008,9/29/2015,Another position,Voluntarily Terminated,Production       ,Google Search,PIP,3.2,2,0,9/2/2015,5,4,40-49
EMP-24DC9BEB,0,0,0,1,3,4,0,220450,0,6,CIO,MA,20***,F,Single,US Citizen,No,White,4/10/2010,,N/A-StillEmployed,Active,IT/IS,Employee Referral,Exceeds,4.6,5,6,2/21/2019,0,16,40-49
EMP-2B08A540,0,0,0,1,3,3,0,89292,0,9,Data Analyst,MA,21***,F,Single,US Citizen,No,White,3/30/2015,,N/A-StillEmployed,Active,IT/IS,Employee Referral,Fully Meets,5.0,3,5,2/1/2019,0,11,40-49
EMP-636BC6DD,0,4,0,1,5,3,0,45046,0,19,Production Technician I,MA,17***,F,Widowed,US Citizen,No,Asian,9/29/2014,,N/A-StillEmployed,Active,Production       ,LinkedIn,Fully Meets,4.5,5,0,1/30/2019,0,2,40-49
